period;format;download_path;download_mode;path;missing_symbols;inputs_folder;data_folder;ft_PME
2002.01;fwf;ftp://ftp.ibge.gov.br/Trabalho_e_Rendimento/Pesquisa_Mensal_de_Emprego/Microdados_reponderados/PMEnova_2002.zip;source;NA;NA;Documentacao/documentacao/Layout;PMEnova_2002;INPUT.txt&PMEnova.012002.txt
2002.02;fwf;ftp://ftp.ibge.gov.br/Trabalho_e_Rendimento/Pesquisa_Mensal_de_Emprego/Microdados_reponderados/PMEnova_2002.zip;source;NA;NA;Documentacao/documentacao/Layout;PMEnova_2002;INPUT.txt&PMEnova.022002.txt
2002.03;fwf;ftp://ftp.ibge.gov.br/Trabalho_e_Rendimento/Pesquisa_Mensal_de_Emprego/Microdados_reponderados/PMEnova_2002.zip;source;NA;NA;Documentacao/documentacao/Layout;PMEnova_2002;INPUT.txt&PMEnova.032002.txt
2002.04;fwf;ftp://ftp.ibge.gov.br/Trabalho_e_Rendimento/Pesquisa_Mensal_de_Emprego/Microdados_reponderados/PMEnova_2002.zip;source;NA;NA;Documentacao/documentacao/Layout;PMEnova_2002;INPUT.txt&PMEnova.042002.txt
2002.05;fwf;ftp://ftp.ibge.gov.br/Trabalho_e_Rendimento/Pesquisa_Mensal_de_Emprego/Microdados_reponderados/PMEnova_2002.zip;source;NA;NA;Documentacao/documentacao/Layout;PMEnova_2002;INPUT.txt&PMEnova.052002.txt
2002.06;fwf;ftp://ftp.ibge.gov.br/Trabalho_e_Rendimento/Pesquisa_Mensal_de_Emprego/Microdados_reponderados/PMEnova_2002.zip;source;NA;NA;Documentacao/documentacao/Layout;PMEnova_2002;INPUT.txt&PMEnova.062002.txt
2002.07;fwf;ftp://ftp.ibge.gov.br/Trabalho_e_Rendimento/Pesquisa_Mensal_de_Emprego/Microdados_reponderados/PMEnova_2002.zip;source;NA;NA;Documentacao/documentacao/Layout;PMEnova_2002;INPUT.txt&PMEnova.072002.txt
2002.08;fwf;ftp://ftp.ibge.gov.br/Trabalho_e_Rendimento/Pesquisa_Mensal_de_Emprego/Microdados_reponderados/PMEnova_2002.zip;source;NA;NA;Documentacao/documentacao/Layout;PMEnova_2002;INPUT.txt&PMEnova.082002.txt
2002.09;fwf;ftp://ftp.ibge.gov.br/Trabalho_e_Rendimento/Pesquisa_Mensal_de_Emprego/Microdados_reponderados/PMEnova_2002.zip;source;NA;NA;Documentacao/documentacao/Layout;PMEnova_2002;INPUT.txt&PMEnova.092002.txt
2002.10;fwf;ftp://ftp.ibge.gov.br/Trabalho_e_Rendimento/Pesquisa_Mensal_de_Emprego/Microdados_reponderados/PMEnova_2002.zip;source;NA;NA;Documentacao/documentacao/Layout;PMEnova_2002;INPUT.txt&PMEnova.102002.txt
2002.11;fwf;ftp://ftp.ibge.gov.br/Trabalho_e_Rendimento/Pesquisa_Mensal_de_Emprego/Microdados_reponderados/PMEnova_2002.zip;source;NA;NA;Documentacao/documentacao/Layout;PMEnova_2002;INPUT.txt&PMEnova.112002.txt
2002.12;fwf;ftp://ftp.ibge.gov.br/Trabalho_e_Rendimento/Pesquisa_Mensal_de_Emprego/Microdados_reponderados/PMEnova_2002.zip;source;NA;NA;Documentacao/documentacao/Layout;PMEnova_2002;INPUT.txt&PMEnova.122002.txt
2003.01;fwf;ftp://ftp.ibge.gov.br/Trabalho_e_Rendimento/Pesquisa_Mensal_de_Emprego/Microdados_reponderados/PMEnova_2003.zip;source;NA;NA;Documentacao/documentacao/Layout;PMEnova_2003;INPUT.txt&PMEnova.012003.txt
2003.02;fwf;ftp://ftp.ibge.gov.br/Trabalho_e_Rendimento/Pesquisa_Mensal_de_Emprego/Microdados_reponderados/PMEnova_2003.zip;source;NA;NA;Documentacao/documentacao/Layout;PMEnova_2003;INPUT.txt&PMEnova.022003.txt
2003.03;fwf;ftp://ftp.ibge.gov.br/Trabalho_e_Rendimento/Pesquisa_Mensal_de_Emprego/Microdados_reponderados/PMEnova_2003.zip;source;NA;NA;Documentacao/documentacao/Layout;PMEnova_2003;INPUT.txt&PMEnova.032003.txt
2003.04;fwf;ftp://ftp.ibge.gov.br/Trabalho_e_Rendimento/Pesquisa_Mensal_de_Emprego/Microdados_reponderados/PMEnova_2003.zip;source;NA;NA;Documentacao/documentacao/Layout;PMEnova_2003;INPUT.txt&PMEnova.042003.txt
2003.05;fwf;ftp://ftp.ibge.gov.br/Trabalho_e_Rendimento/Pesquisa_Mensal_de_Emprego/Microdados_reponderados/PMEnova_2003.zip;source;NA;NA;Documentacao/documentacao/Layout;PMEnova_2003;INPUT.txt&PMEnova.052003.txt
2003.06;fwf;ftp://ftp.ibge.gov.br/Trabalho_e_Rendimento/Pesquisa_Mensal_de_Emprego/Microdados_reponderados/PMEnova_2003.zip;source;NA;NA;Documentacao/documentacao/Layout;PMEnova_2003;INPUT.txt&PMEnova.062003.txt
2003.07;fwf;ftp://ftp.ibge.gov.br/Trabalho_e_Rendimento/Pesquisa_Mensal_de_Emprego/Microdados_reponderados/PMEnova_2003.zip;source;NA;NA;Documentacao/documentacao/Layout;PMEnova_2003;INPUT.txt&PMEnova.072003.txt
2003.08;fwf;ftp://ftp.ibge.gov.br/Trabalho_e_Rendimento/Pesquisa_Mensal_de_Emprego/Microdados_reponderados/PMEnova_2003.zip;source;NA;NA;Documentacao/documentacao/Layout;PMEnova_2003;INPUT.txt&PMEnova.082003.txt
2003.09;fwf;ftp://ftp.ibge.gov.br/Trabalho_e_Rendimento/Pesquisa_Mensal_de_Emprego/Microdados_reponderados/PMEnova_2003.zip;source;NA;NA;Documentacao/documentacao/Layout;PMEnova_2003;INPUT.txt&PMEnova.092003.txt
2003.10;fwf;ftp://ftp.ibge.gov.br/Trabalho_e_Rendimento/Pesquisa_Mensal_de_Emprego/Microdados_reponderados/PMEnova_2003.zip;source;NA;NA;Documentacao/documentacao/Layout;PMEnova_2003;INPUT.txt&PMEnova.102003.txt
2003.11;fwf;ftp://ftp.ibge.gov.br/Trabalho_e_Rendimento/Pesquisa_Mensal_de_Emprego/Microdados_reponderados/PMEnova_2003.zip;source;NA;NA;Documentacao/documentacao/Layout;PMEnova_2003;INPUT.txt&PMEnova.112003.txt
2003.12;fwf;ftp://ftp.ibge.gov.br/Trabalho_e_Rendimento/Pesquisa_Mensal_de_Emprego/Microdados_reponderados/PMEnova_2003.zip;source;NA;NA;Documentacao/documentacao/Layout;PMEnova_2003;INPUT.txt&PMEnova.122003.txt
2004.01;fwf;ftp://ftp.ibge.gov.br/Trabalho_e_Rendimento/Pesquisa_Mensal_de_Emprego/Microdados_reponderados/PMEnova_2004.zip;source;NA;NA;Documentacao/documentacao/Layout;PMEnova_2004;INPUT.txt&PMEnova.012004.txt
2004.02;fwf;ftp://ftp.ibge.gov.br/Trabalho_e_Rendimento/Pesquisa_Mensal_de_Emprego/Microdados_reponderados/PMEnova_2004.zip;source;NA;NA;Documentacao/documentacao/Layout;PMEnova_2004;INPUT.txt&PMEnova.022004.txt
2004.03;fwf;ftp://ftp.ibge.gov.br/Trabalho_e_Rendimento/Pesquisa_Mensal_de_Emprego/Microdados_reponderados/PMEnova_2004.zip;source;NA;NA;Documentacao/documentacao/Layout;PMEnova_2004;INPUT.txt&PMEnova.032004.txt
2004.04;fwf;ftp://ftp.ibge.gov.br/Trabalho_e_Rendimento/Pesquisa_Mensal_de_Emprego/Microdados_reponderados/PMEnova_2004.zip;source;NA;NA;Documentacao/documentacao/Layout;PMEnova_2004;INPUT.txt&PMEnova.042004.txt
2004.05;fwf;ftp://ftp.ibge.gov.br/Trabalho_e_Rendimento/Pesquisa_Mensal_de_Emprego/Microdados_reponderados/PMEnova_2004.zip;source;NA;NA;Documentacao/documentacao/Layout;PMEnova_2004;INPUT.txt&PMEnova.052004.txt
2004.06;fwf;ftp://ftp.ibge.gov.br/Trabalho_e_Rendimento/Pesquisa_Mensal_de_Emprego/Microdados_reponderados/PMEnova_2004.zip;source;NA;NA;Documentacao/documentacao/Layout;PMEnova_2004;INPUT.txt&PMEnova.062004.txt
2004.07;fwf;ftp://ftp.ibge.gov.br/Trabalho_e_Rendimento/Pesquisa_Mensal_de_Emprego/Microdados_reponderados/PMEnova_2004.zip;source;NA;NA;Documentacao/documentacao/Layout;PMEnova_2004;INPUT.txt&PMEnova.072004.txt
2004.08;fwf;ftp://ftp.ibge.gov.br/Trabalho_e_Rendimento/Pesquisa_Mensal_de_Emprego/Microdados_reponderados/PMEnova_2004.zip;source;NA;NA;Documentacao/documentacao/Layout;PMEnova_2004;INPUT.txt&PMEnova.082004.txt
2004.09;fwf;ftp://ftp.ibge.gov.br/Trabalho_e_Rendimento/Pesquisa_Mensal_de_Emprego/Microdados_reponderados/PMEnova_2004.zip;source;NA;NA;Documentacao/documentacao/Layout;PMEnova_2004;INPUT.txt&PMEnova.092004.txt
2004.10;fwf;ftp://ftp.ibge.gov.br/Trabalho_e_Rendimento/Pesquisa_Mensal_de_Emprego/Microdados_reponderados/PMEnova_2004.zip;source;NA;NA;Documentacao/documentacao/Layout;PMEnova_2004;INPUT.txt&PMEnova.102004.txt
2004.11;fwf;ftp://ftp.ibge.gov.br/Trabalho_e_Rendimento/Pesquisa_Mensal_de_Emprego/Microdados_reponderados/PMEnova_2004.zip;source;NA;NA;Documentacao/documentacao/Layout;PMEnova_2004;INPUT.txt&PMEnova.112004.txt
2004.12;fwf;ftp://ftp.ibge.gov.br/Trabalho_e_Rendimento/Pesquisa_Mensal_de_Emprego/Microdados_reponderados/PMEnova_2004.zip;source;NA;NA;Documentacao/documentacao/Layout;PMEnova_2004;INPUT.txt&PMEnova.122004.txt
2005.01;fwf;ftp://ftp.ibge.gov.br/Trabalho_e_Rendimento/Pesquisa_Mensal_de_Emprego/Microdados_reponderados/PMEnova_2005.zip;source;NA;NA;Documentacao/documentacao/Layout;PMEnova_2005;INPUT.txt&PMEnova.012005.txt
2005.02;fwf;ftp://ftp.ibge.gov.br/Trabalho_e_Rendimento/Pesquisa_Mensal_de_Emprego/Microdados_reponderados/PMEnova_2005.zip;source;NA;NA;Documentacao/documentacao/Layout;PMEnova_2005;INPUT.txt&PMEnova.022005.txt
2005.03;fwf;ftp://ftp.ibge.gov.br/Trabalho_e_Rendimento/Pesquisa_Mensal_de_Emprego/Microdados_reponderados/PMEnova_2005.zip;source;NA;NA;Documentacao/documentacao/Layout;PMEnova_2005;INPUT.txt&PMEnova.032005.txt
2005.04;fwf;ftp://ftp.ibge.gov.br/Trabalho_e_Rendimento/Pesquisa_Mensal_de_Emprego/Microdados_reponderados/PMEnova_2005.zip;source;NA;NA;Documentacao/documentacao/Layout;PMEnova_2005;INPUT.txt&PMEnova.042005.txt
2005.05;fwf;ftp://ftp.ibge.gov.br/Trabalho_e_Rendimento/Pesquisa_Mensal_de_Emprego/Microdados_reponderados/PMEnova_2005.zip;source;NA;NA;Documentacao/documentacao/Layout;PMEnova_2005;INPUT.txt&PMEnova.052005.txt
2005.06;fwf;ftp://ftp.ibge.gov.br/Trabalho_e_Rendimento/Pesquisa_Mensal_de_Emprego/Microdados_reponderados/PMEnova_2005.zip;source;NA;NA;Documentacao/documentacao/Layout;PMEnova_2005;INPUT.txt&PMEnova.062005.txt
2005.07;fwf;ftp://ftp.ibge.gov.br/Trabalho_e_Rendimento/Pesquisa_Mensal_de_Emprego/Microdados_reponderados/PMEnova_2005.zip;source;NA;NA;Documentacao/documentacao/Layout;PMEnova_2005;INPUT.txt&PMEnova.072005.txt
2005.08;fwf;ftp://ftp.ibge.gov.br/Trabalho_e_Rendimento/Pesquisa_Mensal_de_Emprego/Microdados_reponderados/PMEnova_2005.zip;source;NA;NA;Documentacao/documentacao/Layout;PMEnova_2005;INPUT.txt&PMEnova.082005.txt
2005.09;fwf;ftp://ftp.ibge.gov.br/Trabalho_e_Rendimento/Pesquisa_Mensal_de_Emprego/Microdados_reponderados/PMEnova_2005.zip;source;NA;NA;Documentacao/documentacao/Layout;PMEnova_2005;INPUT.txt&PMEnova.092005.txt
2005.10;fwf;ftp://ftp.ibge.gov.br/Trabalho_e_Rendimento/Pesquisa_Mensal_de_Emprego/Microdados_reponderados/PMEnova_2005.zip;source;NA;NA;Documentacao/documentacao/Layout;PMEnova_2005;INPUT.txt&PMEnova.102005.txt
2005.11;fwf;ftp://ftp.ibge.gov.br/Trabalho_e_Rendimento/Pesquisa_Mensal_de_Emprego/Microdados_reponderados/PMEnova_2005.zip;source;NA;NA;Documentacao/documentacao/Layout;PMEnova_2005;INPUT.txt&PMEnova.112005.txt
2005.12;fwf;ftp://ftp.ibge.gov.br/Trabalho_e_Rendimento/Pesquisa_Mensal_de_Emprego/Microdados_reponderados/PMEnova_2005.zip;source;NA;NA;Documentacao/documentacao/Layout;PMEnova_2005;INPUT.txt&PMEnova.122005.txt
2006.01;fwf;ftp://ftp.ibge.gov.br/Trabalho_e_Rendimento/Pesquisa_Mensal_de_Emprego/Microdados_reponderados/PMEnova_2006.zip;source;NA;NA;Documentacao/documentacao/Layout;PMEnova_2006;INPUT.txt&PMEnova.012006.txt
2006.02;fwf;ftp://ftp.ibge.gov.br/Trabalho_e_Rendimento/Pesquisa_Mensal_de_Emprego/Microdados_reponderados/PMEnova_2006.zip;source;NA;NA;Documentacao/documentacao/Layout;PMEnova_2006;INPUT.txt&PMEnova.022006.txt
2006.03;fwf;ftp://ftp.ibge.gov.br/Trabalho_e_Rendimento/Pesquisa_Mensal_de_Emprego/Microdados_reponderados/PMEnova_2006.zip;source;NA;NA;Documentacao/documentacao/Layout;PMEnova_2006;INPUT.txt&PMEnova.032006.txt
2006.04;fwf;ftp://ftp.ibge.gov.br/Trabalho_e_Rendimento/Pesquisa_Mensal_de_Emprego/Microdados_reponderados/PMEnova_2006.zip;source;NA;NA;Documentacao/documentacao/Layout;PMEnova_2006;INPUT.txt&PMEnova.042006.txt
2006.05;fwf;ftp://ftp.ibge.gov.br/Trabalho_e_Rendimento/Pesquisa_Mensal_de_Emprego/Microdados_reponderados/PMEnova_2006.zip;source;NA;NA;Documentacao/documentacao/Layout;PMEnova_2006;INPUT.txt&PMEnova.052006.txt
2006.06;fwf;ftp://ftp.ibge.gov.br/Trabalho_e_Rendimento/Pesquisa_Mensal_de_Emprego/Microdados_reponderados/PMEnova_2006.zip;source;NA;NA;Documentacao/documentacao/Layout;PMEnova_2006;INPUT.txt&PMEnova.062006.txt
2006.07;fwf;ftp://ftp.ibge.gov.br/Trabalho_e_Rendimento/Pesquisa_Mensal_de_Emprego/Microdados_reponderados/PMEnova_2006.zip;source;NA;NA;Documentacao/documentacao/Layout;PMEnova_2006;INPUT.txt&PMEnova.072006.txt
2006.08;fwf;ftp://ftp.ibge.gov.br/Trabalho_e_Rendimento/Pesquisa_Mensal_de_Emprego/Microdados_reponderados/PMEnova_2006.zip;source;NA;NA;Documentacao/documentacao/Layout;PMEnova_2006;INPUT.txt&PMEnova.082006.txt
2006.09;fwf;ftp://ftp.ibge.gov.br/Trabalho_e_Rendimento/Pesquisa_Mensal_de_Emprego/Microdados_reponderados/PMEnova_2006.zip;source;NA;NA;Documentacao/documentacao/Layout;PMEnova_2006;INPUT.txt&PMEnova.092006.txt
2006.10;fwf;ftp://ftp.ibge.gov.br/Trabalho_e_Rendimento/Pesquisa_Mensal_de_Emprego/Microdados_reponderados/PMEnova_2006.zip;source;NA;NA;Documentacao/documentacao/Layout;PMEnova_2006;INPUT.txt&PMEnova.102006.txt
2006.11;fwf;ftp://ftp.ibge.gov.br/Trabalho_e_Rendimento/Pesquisa_Mensal_de_Emprego/Microdados_reponderados/PMEnova_2006.zip;source;NA;NA;Documentacao/documentacao/Layout;PMEnova_2006;INPUT.txt&PMEnova.112006.txt
2006.12;fwf;ftp://ftp.ibge.gov.br/Trabalho_e_Rendimento/Pesquisa_Mensal_de_Emprego/Microdados_reponderados/PMEnova_2006.zip;source;NA;NA;Documentacao/documentacao/Layout;PMEnova_2006;INPUT.txt&PMEnova.122006.txt
2007.01;fwf;ftp://ftp.ibge.gov.br/Trabalho_e_Rendimento/Pesquisa_Mensal_de_Emprego/Microdados_reponderados/PMEnova_2007_01072016.zip;source;NA;NA;Documentacao/documentacao/Layout;PMEnova_2007_01072016;INPUT.txt&PMEnova.012007.txt
2007.02;fwf;ftp://ftp.ibge.gov.br/Trabalho_e_Rendimento/Pesquisa_Mensal_de_Emprego/Microdados_reponderados/PMEnova_2007_01072016.zip;source;NA;NA;Documentacao/documentacao/Layout;PMEnova_2007_01072016;INPUT.txt&PMEnova.022007.txt
2007.03;fwf;ftp://ftp.ibge.gov.br/Trabalho_e_Rendimento/Pesquisa_Mensal_de_Emprego/Microdados_reponderados/PMEnova_2007_01072016.zip;source;NA;NA;Documentacao/documentacao/Layout;PMEnova_2007_01072016;INPUT.txt&PMEnova.032007.txt
2007.04;fwf;ftp://ftp.ibge.gov.br/Trabalho_e_Rendimento/Pesquisa_Mensal_de_Emprego/Microdados_reponderados/PMEnova_2007_01072016.zip;source;NA;NA;Documentacao/documentacao/Layout;PMEnova_2007_01072016;INPUT.txt&PMEnova.042007.txt
2007.05;fwf;ftp://ftp.ibge.gov.br/Trabalho_e_Rendimento/Pesquisa_Mensal_de_Emprego/Microdados_reponderados/PMEnova_2007_01072016.zip;source;NA;NA;Documentacao/documentacao/Layout;PMEnova_2007_01072016;INPUT.txt&PMEnova.052007.txt
2007.06;fwf;ftp://ftp.ibge.gov.br/Trabalho_e_Rendimento/Pesquisa_Mensal_de_Emprego/Microdados_reponderados/PMEnova_2007_01072016.zip;source;NA;NA;Documentacao/documentacao/Layout;PMEnova_2007_01072016;INPUT.txt&PMEnova.062007.txt
2007.07;fwf;ftp://ftp.ibge.gov.br/Trabalho_e_Rendimento/Pesquisa_Mensal_de_Emprego/Microdados_reponderados/PMEnova_2007_01072016.zip;source;NA;NA;Documentacao/documentacao/Layout;PMEnova_2007_01072016;INPUT.txt&PMEnova.072007.txt
2007.08;fwf;ftp://ftp.ibge.gov.br/Trabalho_e_Rendimento/Pesquisa_Mensal_de_Emprego/Microdados_reponderados/PMEnova_2007_01072016.zip;source;NA;NA;Documentacao/documentacao/Layout;PMEnova_2007_01072016;INPUT.txt&PMEnova.082007.txt
2007.09;fwf;ftp://ftp.ibge.gov.br/Trabalho_e_Rendimento/Pesquisa_Mensal_de_Emprego/Microdados_reponderados/PMEnova_2007_01072016.zip;source;NA;NA;Documentacao/documentacao/Layout;PMEnova_2007_01072016;INPUT.txt&PMEnova.092007.txt
2007.10;fwf;ftp://ftp.ibge.gov.br/Trabalho_e_Rendimento/Pesquisa_Mensal_de_Emprego/Microdados_reponderados/PMEnova_2007_01072016.zip;source;NA;NA;Documentacao/documentacao/Layout;PMEnova_2007_01072016;INPUT.txt&PMEnova.102007.txt
2007.11;fwf;ftp://ftp.ibge.gov.br/Trabalho_e_Rendimento/Pesquisa_Mensal_de_Emprego/Microdados_reponderados/PMEnova_2007_01072016.zip;source;NA;NA;Documentacao/documentacao/Layout;PMEnova_2007_01072016;INPUT.txt&PMEnova.112007.txt
2007.12;fwf;ftp://ftp.ibge.gov.br/Trabalho_e_Rendimento/Pesquisa_Mensal_de_Emprego/Microdados_reponderados/PMEnova_2007_01072016.zip;source;NA;NA;Documentacao/documentacao/Layout;PMEnova_2007_01072016;INPUT.txt&PMEnova.122007.txt
2008.01;fwf;ftp://ftp.ibge.gov.br/Trabalho_e_Rendimento/Pesquisa_Mensal_de_Emprego/Microdados_reponderados/PMEnova_2008_01072016.zip;source;NA;NA;Documentacao/documentacao/Layout;PMEnova_2008_01072016;INPUT.txt&PMEnova.012008.txt
2008.02;fwf;ftp://ftp.ibge.gov.br/Trabalho_e_Rendimento/Pesquisa_Mensal_de_Emprego/Microdados_reponderados/PMEnova_2008_01072016.zip;source;NA;NA;Documentacao/documentacao/Layout;PMEnova_2008_01072016;INPUT.txt&PMEnova.022008.txt
2008.03;fwf;ftp://ftp.ibge.gov.br/Trabalho_e_Rendimento/Pesquisa_Mensal_de_Emprego/Microdados_reponderados/PMEnova_2008_01072016.zip;source;NA;NA;Documentacao/documentacao/Layout;PMEnova_2008_01072016;INPUT.txt&PMEnova.032008.txt
2008.04;fwf;ftp://ftp.ibge.gov.br/Trabalho_e_Rendimento/Pesquisa_Mensal_de_Emprego/Microdados_reponderados/PMEnova_2008_01072016.zip;source;NA;NA;Documentacao/documentacao/Layout;PMEnova_2008_01072016;INPUT.txt&PMEnova.042008.txt
2008.05;fwf;ftp://ftp.ibge.gov.br/Trabalho_e_Rendimento/Pesquisa_Mensal_de_Emprego/Microdados_reponderados/PMEnova_2008_01072016.zip;source;NA;NA;Documentacao/documentacao/Layout;PMEnova_2008_01072016;INPUT.txt&PMEnova.052008.txt
2008.06;fwf;ftp://ftp.ibge.gov.br/Trabalho_e_Rendimento/Pesquisa_Mensal_de_Emprego/Microdados_reponderados/PMEnova_2008_01072016.zip;source;NA;NA;Documentacao/documentacao/Layout;PMEnova_2008_01072016;INPUT.txt&PMEnova.062008.txt
2008.07;fwf;ftp://ftp.ibge.gov.br/Trabalho_e_Rendimento/Pesquisa_Mensal_de_Emprego/Microdados_reponderados/PMEnova_2008_01072016.zip;source;NA;NA;Documentacao/documentacao/Layout;PMEnova_2008_01072016;INPUT.txt&PMEnova.072008.txt
2008.08;fwf;ftp://ftp.ibge.gov.br/Trabalho_e_Rendimento/Pesquisa_Mensal_de_Emprego/Microdados_reponderados/PMEnova_2008_01072016.zip;source;NA;NA;Documentacao/documentacao/Layout;PMEnova_2008_01072016;INPUT.txt&PMEnova.082008.txt
2008.09;fwf;ftp://ftp.ibge.gov.br/Trabalho_e_Rendimento/Pesquisa_Mensal_de_Emprego/Microdados_reponderados/PMEnova_2008_01072016.zip;source;NA;NA;Documentacao/documentacao/Layout;PMEnova_2008_01072016;INPUT.txt&PMEnova.092008.txt
2008.10;fwf;ftp://ftp.ibge.gov.br/Trabalho_e_Rendimento/Pesquisa_Mensal_de_Emprego/Microdados_reponderados/PMEnova_2008_01072016.zip;source;NA;NA;Documentacao/documentacao/Layout;PMEnova_2008_01072016;INPUT.txt&PMEnova.102008.txt
2008.11;fwf;ftp://ftp.ibge.gov.br/Trabalho_e_Rendimento/Pesquisa_Mensal_de_Emprego/Microdados_reponderados/PMEnova_2008_01072016.zip;source;NA;NA;Documentacao/documentacao/Layout;PMEnova_2008_01072016;INPUT.txt&PMEnova.112008.txt
2008.12;fwf;ftp://ftp.ibge.gov.br/Trabalho_e_Rendimento/Pesquisa_Mensal_de_Emprego/Microdados_reponderados/PMEnova_2008_01072016.zip;source;NA;NA;Documentacao/documentacao/Layout;PMEnova_2008_01072016;INPUT.txt&PMEnova.122008.txt
2009.01;fwf;ftp://ftp.ibge.gov.br/Trabalho_e_Rendimento/Pesquisa_Mensal_de_Emprego/Microdados_reponderados/PMEnova_2009_01072016.zip;source;NA;NA;Documentacao/documentacao/Layout;PMEnova_2009_01072016;INPUT.txt&PMEnova.012009.txt
2009.02;fwf;ftp://ftp.ibge.gov.br/Trabalho_e_Rendimento/Pesquisa_Mensal_de_Emprego/Microdados_reponderados/PMEnova_2009_01072016.zip;source;NA;NA;Documentacao/documentacao/Layout;PMEnova_2009_01072016;INPUT.txt&PMEnova.022009.txt
2009.03;fwf;ftp://ftp.ibge.gov.br/Trabalho_e_Rendimento/Pesquisa_Mensal_de_Emprego/Microdados_reponderados/PMEnova_2009_01072016.zip;source;NA;NA;Documentacao/documentacao/Layout;PMEnova_2009_01072016;INPUT.txt&PMEnova.032009.txt
2009.04;fwf;ftp://ftp.ibge.gov.br/Trabalho_e_Rendimento/Pesquisa_Mensal_de_Emprego/Microdados_reponderados/PMEnova_2009_01072016.zip;source;NA;NA;Documentacao/documentacao/Layout;PMEnova_2009_01072016;INPUT.txt&PMEnova.042009.txt
2009.05;fwf;ftp://ftp.ibge.gov.br/Trabalho_e_Rendimento/Pesquisa_Mensal_de_Emprego/Microdados_reponderados/PMEnova_2009_01072016.zip;source;NA;NA;Documentacao/documentacao/Layout;PMEnova_2009_01072016;INPUT.txt&PMEnova.052009.txt
2009.06;fwf;ftp://ftp.ibge.gov.br/Trabalho_e_Rendimento/Pesquisa_Mensal_de_Emprego/Microdados_reponderados/PMEnova_2009_01072016.zip;source;NA;NA;Documentacao/documentacao/Layout;PMEnova_2009_01072016;INPUT.txt&PMEnova.062009.txt
2009.07;fwf;ftp://ftp.ibge.gov.br/Trabalho_e_Rendimento/Pesquisa_Mensal_de_Emprego/Microdados_reponderados/PMEnova_2009_01072016.zip;source;NA;NA;Documentacao/documentacao/Layout;PMEnova_2009_01072016;INPUT.txt&PMEnova.072009.txt
2009.08;fwf;ftp://ftp.ibge.gov.br/Trabalho_e_Rendimento/Pesquisa_Mensal_de_Emprego/Microdados_reponderados/PMEnova_2009_01072016.zip;source;NA;NA;Documentacao/documentacao/Layout;PMEnova_2009_01072016;INPUT.txt&PMEnova.082009.txt
2009.09;fwf;ftp://ftp.ibge.gov.br/Trabalho_e_Rendimento/Pesquisa_Mensal_de_Emprego/Microdados_reponderados/PMEnova_2009_01072016.zip;source;NA;NA;Documentacao/documentacao/Layout;PMEnova_2009_01072016;INPUT.txt&PMEnova.092009.txt
2009.10;fwf;ftp://ftp.ibge.gov.br/Trabalho_e_Rendimento/Pesquisa_Mensal_de_Emprego/Microdados_reponderados/PMEnova_2009_01072016.zip;source;NA;NA;Documentacao/documentacao/Layout;PMEnova_2009_01072016;INPUT.txt&PMEnova.102009.txt
2009.11;fwf;ftp://ftp.ibge.gov.br/Trabalho_e_Rendimento/Pesquisa_Mensal_de_Emprego/Microdados_reponderados/PMEnova_2009_01072016.zip;source;NA;NA;Documentacao/documentacao/Layout;PMEnova_2009_01072016;INPUT.txt&PMEnova.112009.txt
2009.12;fwf;ftp://ftp.ibge.gov.br/Trabalho_e_Rendimento/Pesquisa_Mensal_de_Emprego/Microdados_reponderados/PMEnova_2009_01072016.zip;source;NA;NA;Documentacao/documentacao/Layout;PMEnova_2009_01072016;INPUT.txt&PMEnova.122009.txt
2010.01;fwf;ftp://ftp.ibge.gov.br/Trabalho_e_Rendimento/Pesquisa_Mensal_de_Emprego/Microdados_reponderados/PMEnova_2010_01072016.zip;source;NA;NA;Documentacao/documentacao/Layout;PMEnova_2010_01072016;INPUT.txt&PMEnova.012010.txt
2010.02;fwf;ftp://ftp.ibge.gov.br/Trabalho_e_Rendimento/Pesquisa_Mensal_de_Emprego/Microdados_reponderados/PMEnova_2010_01072016.zip;source;NA;NA;Documentacao/documentacao/Layout;PMEnova_2010_01072016;INPUT.txt&PMEnova.022010.txt
2010.03;fwf;ftp://ftp.ibge.gov.br/Trabalho_e_Rendimento/Pesquisa_Mensal_de_Emprego/Microdados_reponderados/PMEnova_2010_01072016.zip;source;NA;NA;Documentacao/documentacao/Layout;PMEnova_2010_01072016;INPUT.txt&PMEnova.032010.txt
2010.04;fwf;ftp://ftp.ibge.gov.br/Trabalho_e_Rendimento/Pesquisa_Mensal_de_Emprego/Microdados_reponderados/PMEnova_2010_01072016.zip;source;NA;NA;Documentacao/documentacao/Layout;PMEnova_2010_01072016;INPUT.txt&PMEnova.042010.txt
2010.05;fwf;ftp://ftp.ibge.gov.br/Trabalho_e_Rendimento/Pesquisa_Mensal_de_Emprego/Microdados_reponderados/PMEnova_2010_01072016.zip;source;NA;NA;Documentacao/documentacao/Layout;PMEnova_2010_01072016;INPUT.txt&PMEnova.052010.txt
2010.06;fwf;ftp://ftp.ibge.gov.br/Trabalho_e_Rendimento/Pesquisa_Mensal_de_Emprego/Microdados_reponderados/PMEnova_2010_01072016.zip;source;NA;NA;Documentacao/documentacao/Layout;PMEnova_2010_01072016;INPUT.txt&PMEnova.062010.txt
2010.07;fwf;ftp://ftp.ibge.gov.br/Trabalho_e_Rendimento/Pesquisa_Mensal_de_Emprego/Microdados_reponderados/PMEnova_2010_01072016.zip;source;NA;NA;Documentacao/documentacao/Layout;PMEnova_2010_01072016;INPUT.txt&PMEnova.072010.txt
2010.08;fwf;ftp://ftp.ibge.gov.br/Trabalho_e_Rendimento/Pesquisa_Mensal_de_Emprego/Microdados_reponderados/PMEnova_2010_01072016.zip;source;NA;NA;Documentacao/documentacao/Layout;PMEnova_2010_01072016;INPUT.txt&PMEnova.082010.txt
2010.09;fwf;ftp://ftp.ibge.gov.br/Trabalho_e_Rendimento/Pesquisa_Mensal_de_Emprego/Microdados_reponderados/PMEnova_2010_01072016.zip;source;NA;NA;Documentacao/documentacao/Layout;PMEnova_2010_01072016;INPUT.txt&PMEnova.092010.txt
2010.10;fwf;ftp://ftp.ibge.gov.br/Trabalho_e_Rendimento/Pesquisa_Mensal_de_Emprego/Microdados_reponderados/PMEnova_2010_01072016.zip;source;NA;NA;Documentacao/documentacao/Layout;PMEnova_2010_01072016;INPUT.txt&PMEnova.102010.txt
2010.11;fwf;ftp://ftp.ibge.gov.br/Trabalho_e_Rendimento/Pesquisa_Mensal_de_Emprego/Microdados_reponderados/PMEnova_2010_01072016.zip;source;NA;NA;Documentacao/documentacao/Layout;PMEnova_2010_01072016;INPUT.txt&PMEnova.112010.txt
2010.12;fwf;ftp://ftp.ibge.gov.br/Trabalho_e_Rendimento/Pesquisa_Mensal_de_Emprego/Microdados_reponderados/PMEnova_2010_01072016.zip;source;NA;NA;Documentacao/documentacao/Layout;PMEnova_2010_01072016;INPUT.txt&PMEnova.122010.txt
2011.01;fwf;ftp://ftp.ibge.gov.br/Trabalho_e_Rendimento/Pesquisa_Mensal_de_Emprego/Microdados_reponderados/PMEnova_2011.zip;source;NA;NA;Documentacao/documentacao/Layout;PMEnova_2011;INPUT.txt&PMEnova.012011.txt
2011.02;fwf;ftp://ftp.ibge.gov.br/Trabalho_e_Rendimento/Pesquisa_Mensal_de_Emprego/Microdados_reponderados/PMEnova_2011.zip;source;NA;NA;Documentacao/documentacao/Layout;PMEnova_2011;INPUT.txt&PMEnova.022011.txt
2011.03;fwf;ftp://ftp.ibge.gov.br/Trabalho_e_Rendimento/Pesquisa_Mensal_de_Emprego/Microdados_reponderados/PMEnova_2011.zip;source;NA;NA;Documentacao/documentacao/Layout;PMEnova_2011;INPUT.txt&PMEnova.032011.txt
2011.04;fwf;ftp://ftp.ibge.gov.br/Trabalho_e_Rendimento/Pesquisa_Mensal_de_Emprego/Microdados_reponderados/PMEnova_2011.zip;source;NA;NA;Documentacao/documentacao/Layout;PMEnova_2011;INPUT.txt&PMEnova.042011.txt
2011.05;fwf;ftp://ftp.ibge.gov.br/Trabalho_e_Rendimento/Pesquisa_Mensal_de_Emprego/Microdados_reponderados/PMEnova_2011.zip;source;NA;NA;Documentacao/documentacao/Layout;PMEnova_2011;INPUT.txt&PMEnova.052011.txt
2011.06;fwf;ftp://ftp.ibge.gov.br/Trabalho_e_Rendimento/Pesquisa_Mensal_de_Emprego/Microdados_reponderados/PMEnova_2011.zip;source;NA;NA;Documentacao/documentacao/Layout;PMEnova_2011;INPUT.txt&PMEnova.062011.txt
2011.07;fwf;ftp://ftp.ibge.gov.br/Trabalho_e_Rendimento/Pesquisa_Mensal_de_Emprego/Microdados_reponderados/PMEnova_2011.zip;source;NA;NA;Documentacao/documentacao/Layout;PMEnova_2011;INPUT.txt&PMEnova.072011.txt
2011.08;fwf;ftp://ftp.ibge.gov.br/Trabalho_e_Rendimento/Pesquisa_Mensal_de_Emprego/Microdados_reponderados/PMEnova_2011.zip;source;NA;NA;Documentacao/documentacao/Layout;PMEnova_2011;INPUT.txt&PMEnova.082011.txt
2011.09;fwf;ftp://ftp.ibge.gov.br/Trabalho_e_Rendimento/Pesquisa_Mensal_de_Emprego/Microdados_reponderados/PMEnova_2011.zip;source;NA;NA;Documentacao/documentacao/Layout;PMEnova_2011;INPUT.txt&PMEnova.092011.txt
2011.10;fwf;ftp://ftp.ibge.gov.br/Trabalho_e_Rendimento/Pesquisa_Mensal_de_Emprego/Microdados_reponderados/PMEnova_2011.zip;source;NA;NA;Documentacao/documentacao/Layout;PMEnova_2011;INPUT.txt&PMEnova.102011.txt
2011.11;fwf;ftp://ftp.ibge.gov.br/Trabalho_e_Rendimento/Pesquisa_Mensal_de_Emprego/Microdados_reponderados/PMEnova_2011.zip;source;NA;NA;Documentacao/documentacao/Layout;PMEnova_2011;INPUT.txt&PMEnova.112011.txt
2011.12;fwf;ftp://ftp.ibge.gov.br/Trabalho_e_Rendimento/Pesquisa_Mensal_de_Emprego/Microdados_reponderados/PMEnova_2011.zip;source;NA;NA;Documentacao/documentacao/Layout;PMEnova_2011;INPUT.txt&PMEnova.122011.txt
2012.01;fwf;ftp://ftp.ibge.gov.br/Trabalho_e_Rendimento/Pesquisa_Mensal_de_Emprego/Microdados_reponderados/PMEnova_2012.zip;source;NA;NA;Documentacao/documentacao/Layout;PMEnova_2012;INPUT.txt&PMEnova.012012.txt
2012.02;fwf;ftp://ftp.ibge.gov.br/Trabalho_e_Rendimento/Pesquisa_Mensal_de_Emprego/Microdados_reponderados/PMEnova_2012.zip;source;NA;NA;Documentacao/documentacao/Layout;PMEnova_2012;INPUT.txt&PMEnova.022012.txt
2012.03;fwf;ftp://ftp.ibge.gov.br/Trabalho_e_Rendimento/Pesquisa_Mensal_de_Emprego/Microdados_reponderados/PMEnova_2012.zip;source;NA;NA;Documentacao/documentacao/Layout;PMEnova_2012;INPUT.txt&PMEnova.032012.txt
2012.04;fwf;ftp://ftp.ibge.gov.br/Trabalho_e_Rendimento/Pesquisa_Mensal_de_Emprego/Microdados_reponderados/PMEnova_2012.zip;source;NA;NA;Documentacao/documentacao/Layout;PMEnova_2012;INPUT.txt&PMEnova.042012.txt
2012.05;fwf;ftp://ftp.ibge.gov.br/Trabalho_e_Rendimento/Pesquisa_Mensal_de_Emprego/Microdados_reponderados/PMEnova_2012.zip;source;NA;NA;Documentacao/documentacao/Layout;PMEnova_2012;INPUT.txt&PMEnova.052012.txt
2012.06;fwf;ftp://ftp.ibge.gov.br/Trabalho_e_Rendimento/Pesquisa_Mensal_de_Emprego/Microdados_reponderados/PMEnova_2012.zip;source;NA;NA;Documentacao/documentacao/Layout;PMEnova_2012;INPUT.txt&PMEnova.062012.txt
2012.07;fwf;ftp://ftp.ibge.gov.br/Trabalho_e_Rendimento/Pesquisa_Mensal_de_Emprego/Microdados_reponderados/PMEnova_2012.zip;source;NA;NA;Documentacao/documentacao/Layout;PMEnova_2012;INPUT.txt&PMEnova.072012.txt
2012.08;fwf;ftp://ftp.ibge.gov.br/Trabalho_e_Rendimento/Pesquisa_Mensal_de_Emprego/Microdados_reponderados/PMEnova_2012.zip;source;NA;NA;Documentacao/documentacao/Layout;PMEnova_2012;INPUT.txt&PMEnova.082012.txt
2012.09;fwf;ftp://ftp.ibge.gov.br/Trabalho_e_Rendimento/Pesquisa_Mensal_de_Emprego/Microdados_reponderados/PMEnova_2012.zip;source;NA;NA;Documentacao/documentacao/Layout;PMEnova_2012;INPUT.txt&PMEnova.092012.txt
2012.10;fwf;ftp://ftp.ibge.gov.br/Trabalho_e_Rendimento/Pesquisa_Mensal_de_Emprego/Microdados_reponderados/PMEnova_2012.zip;source;NA;NA;Documentacao/documentacao/Layout;PMEnova_2012;INPUT.txt&PMEnova.102012.txt
2012.11;fwf;ftp://ftp.ibge.gov.br/Trabalho_e_Rendimento/Pesquisa_Mensal_de_Emprego/Microdados_reponderados/PMEnova_2012.zip;source;NA;NA;Documentacao/documentacao/Layout;PMEnova_2012;INPUT.txt&PMEnova.112012.txt
2012.12;fwf;ftp://ftp.ibge.gov.br/Trabalho_e_Rendimento/Pesquisa_Mensal_de_Emprego/Microdados_reponderados/PMEnova_2012.zip;source;NA;NA;Documentacao/documentacao/Layout;PMEnova_2012;INPUT.txt&PMEnova.122012.txt
2013.01;fwf;ftp://ftp.ibge.gov.br/Trabalho_e_Rendimento/Pesquisa_Mensal_de_Emprego/Microdados_reponderados/PMEnova_2013_01072016.zip;source;NA;NA;Documentacao/documentacao/Layout;PMEnova_2013_01072016;INPUT.txt&PMEnova.012013.txt
2013.02;fwf;ftp://ftp.ibge.gov.br/Trabalho_e_Rendimento/Pesquisa_Mensal_de_Emprego/Microdados_reponderados/PMEnova_2013_01072016.zip;source;NA;NA;Documentacao/documentacao/Layout;PMEnova_2013_01072016;INPUT.txt&PMEnova.022013.txt
2013.03;fwf;ftp://ftp.ibge.gov.br/Trabalho_e_Rendimento/Pesquisa_Mensal_de_Emprego/Microdados_reponderados/PMEnova_2013_01072016.zip;source;NA;NA;Documentacao/documentacao/Layout;PMEnova_2013_01072016;INPUT.txt&PMEnova.032013.txt
2013.04;fwf;ftp://ftp.ibge.gov.br/Trabalho_e_Rendimento/Pesquisa_Mensal_de_Emprego/Microdados_reponderados/PMEnova_2013_01072016.zip;source;NA;NA;Documentacao/documentacao/Layout;PMEnova_2013_01072016;INPUT.txt&PMEnova.042013.txt
2013.05;fwf;ftp://ftp.ibge.gov.br/Trabalho_e_Rendimento/Pesquisa_Mensal_de_Emprego/Microdados_reponderados/PMEnova_2013_01072016.zip;source;NA;NA;Documentacao/documentacao/Layout;PMEnova_2013_01072016;INPUT.txt&PMEnova.052013.txt
2013.06;fwf;ftp://ftp.ibge.gov.br/Trabalho_e_Rendimento/Pesquisa_Mensal_de_Emprego/Microdados_reponderados/PMEnova_2013_01072016.zip;source;NA;NA;Documentacao/documentacao/Layout;PMEnova_2013_01072016;INPUT.txt&PMEnova.062013.txt
2013.07;fwf;ftp://ftp.ibge.gov.br/Trabalho_e_Rendimento/Pesquisa_Mensal_de_Emprego/Microdados_reponderados/PMEnova_2013_01072016.zip;source;NA;NA;Documentacao/documentacao/Layout;PMEnova_2013_01072016;INPUT.txt&PMEnova.072013.txt
2013.08;fwf;ftp://ftp.ibge.gov.br/Trabalho_e_Rendimento/Pesquisa_Mensal_de_Emprego/Microdados_reponderados/PMEnova_2013_01072016.zip;source;NA;NA;Documentacao/documentacao/Layout;PMEnova_2013_01072016;INPUT.txt&PMEnova.082013.txt
2013.09;fwf;ftp://ftp.ibge.gov.br/Trabalho_e_Rendimento/Pesquisa_Mensal_de_Emprego/Microdados_reponderados/PMEnova_2013_01072016.zip;source;NA;NA;Documentacao/documentacao/Layout;PMEnova_2013_01072016;INPUT.txt&PMEnova.092013.txt
2013.10;fwf;ftp://ftp.ibge.gov.br/Trabalho_e_Rendimento/Pesquisa_Mensal_de_Emprego/Microdados_reponderados/PMEnova_2013_01072016.zip;source;NA;NA;Documentacao/documentacao/Layout;PMEnova_2013_01072016;INPUT.txt&PMEnova.102013.txt
2013.11;fwf;ftp://ftp.ibge.gov.br/Trabalho_e_Rendimento/Pesquisa_Mensal_de_Emprego/Microdados_reponderados/PMEnova_2013_01072016.zip;source;NA;NA;Documentacao/documentacao/Layout;PMEnova_2013_01072016;INPUT.txt&PMEnova.112013.txt
2013.12;fwf;ftp://ftp.ibge.gov.br/Trabalho_e_Rendimento/Pesquisa_Mensal_de_Emprego/Microdados_reponderados/PMEnova_2013_01072016.zip;source;NA;NA;Documentacao/documentacao/Layout;PMEnova_2013_01072016;INPUT.txt&PMEnova.122013.txt
2014.01;fwf;ftp://ftp.ibge.gov.br/Trabalho_e_Rendimento/Pesquisa_Mensal_de_Emprego/Microdados_reponderados/PMEnova_2014_01072016.zip;source;NA;NA;Documentacao/documentacao/Layout;PMEnova_2014_01072016;INPUT.txt&PMEnova.012014.txt
2014.02;fwf;ftp://ftp.ibge.gov.br/Trabalho_e_Rendimento/Pesquisa_Mensal_de_Emprego/Microdados_reponderados/PMEnova_2014_01072016.zip;source;NA;NA;Documentacao/documentacao/Layout;PMEnova_2014_01072016;INPUT.txt&PMEnova.022014.txt
2014.03;fwf;ftp://ftp.ibge.gov.br/Trabalho_e_Rendimento/Pesquisa_Mensal_de_Emprego/Microdados_reponderados/PMEnova_2014_01072016.zip;source;NA;NA;Documentacao/documentacao/Layout;PMEnova_2014_01072016;INPUT.txt&PMEnova.032014.txt
2014.04;fwf;ftp://ftp.ibge.gov.br/Trabalho_e_Rendimento/Pesquisa_Mensal_de_Emprego/Microdados_reponderados/PMEnova_2014_01072016.zip;source;NA;NA;Documentacao/documentacao/Layout;PMEnova_2014_01072016;INPUT.txt&PMEnova.042014.txt
2014.05;fwf;ftp://ftp.ibge.gov.br/Trabalho_e_Rendimento/Pesquisa_Mensal_de_Emprego/Microdados_reponderados/PMEnova_2014_01072016.zip;source;NA;NA;Documentacao/documentacao/Layout;PMEnova_2014_01072016;INPUT.txt&PMEnova.052014.txt
2014.06;fwf;ftp://ftp.ibge.gov.br/Trabalho_e_Rendimento/Pesquisa_Mensal_de_Emprego/Microdados_reponderados/PMEnova_2014_01072016.zip;source;NA;NA;Documentacao/documentacao/Layout;PMEnova_2014_01072016;INPUT.txt&PMEnova.062014.txt
2014.07;fwf;ftp://ftp.ibge.gov.br/Trabalho_e_Rendimento/Pesquisa_Mensal_de_Emprego/Microdados_reponderados/PMEnova_2014_01072016.zip;source;NA;NA;Documentacao/documentacao/Layout;PMEnova_2014_01072016;INPUT.txt&PMEnova.072014.txt
2014.08;fwf;ftp://ftp.ibge.gov.br/Trabalho_e_Rendimento/Pesquisa_Mensal_de_Emprego/Microdados_reponderados/PMEnova_2014_01072016.zip;source;NA;NA;Documentacao/documentacao/Layout;PMEnova_2014_01072016;INPUT.txt&PMEnova.082014.txt
2014.09;fwf;ftp://ftp.ibge.gov.br/Trabalho_e_Rendimento/Pesquisa_Mensal_de_Emprego/Microdados_reponderados/PMEnova_2014_01072016.zip;source;NA;NA;Documentacao/documentacao/Layout;PMEnova_2014_01072016;INPUT.txt&PMEnova.092014.txt
2014.10;fwf;ftp://ftp.ibge.gov.br/Trabalho_e_Rendimento/Pesquisa_Mensal_de_Emprego/Microdados_reponderados/PMEnova_2014_01072016.zip;source;NA;NA;Documentacao/documentacao/Layout;PMEnova_2014_01072016;INPUT.txt&PMEnova.102014.txt
2014.11;fwf;ftp://ftp.ibge.gov.br/Trabalho_e_Rendimento/Pesquisa_Mensal_de_Emprego/Microdados_reponderados/PMEnova_2014_01072016.zip;source;NA;NA;Documentacao/documentacao/Layout;PMEnova_2014_01072016;INPUT.txt&PMEnova.112014.txt
2014.12;fwf;ftp://ftp.ibge.gov.br/Trabalho_e_Rendimento/Pesquisa_Mensal_de_Emprego/Microdados_reponderados/PMEnova_2014_01072016.zip;source;NA;NA;Documentacao/documentacao/Layout;PMEnova_2014_01072016;INPUT.txt&PMEnova.122014.txt
2015.01;fwf;ftp://ftp.ibge.gov.br/Trabalho_e_Rendimento/Pesquisa_Mensal_de_Emprego/Microdados_reponderados/PMEnova_2015.zip;source;NA;NA;Documentacao/documentacao/Layout;PMEnova_2015;INPUT.txt&PMEnova.012015.txt
2015.02;fwf;ftp://ftp.ibge.gov.br/Trabalho_e_Rendimento/Pesquisa_Mensal_de_Emprego/Microdados_reponderados/PMEnova_2015.zip;source;NA;NA;Documentacao/documentacao/Layout;PMEnova_2015;INPUT.txt&PMEnova.022015.txt
2015.03;fwf;ftp://ftp.ibge.gov.br/Trabalho_e_Rendimento/Pesquisa_Mensal_de_Emprego/Microdados_reponderados/PMEnova_2015.zip;source;NA;NA;Documentacao/documentacao/Layout;PMEnova_2015;INPUT.txt&PMEnova.032015.txt
2015.04;fwf;ftp://ftp.ibge.gov.br/Trabalho_e_Rendimento/Pesquisa_Mensal_de_Emprego/Microdados_reponderados/PMEnova_2015.zip;source;NA;NA;Documentacao/documentacao/Layout;PMEnova_2015;INPUT.txt&PMEnova.042015.txt
2015.05;fwf;ftp://ftp.ibge.gov.br/Trabalho_e_Rendimento/Pesquisa_Mensal_de_Emprego/Microdados_reponderados/PMEnova_2015.zip;source;NA;NA;Documentacao/documentacao/Layout;PMEnova_2015;INPUT.txt&PMEnova.052015.txt
2015.06;fwf;ftp://ftp.ibge.gov.br/Trabalho_e_Rendimento/Pesquisa_Mensal_de_Emprego/Microdados_reponderados/PMEnova_2015.zip;source;NA;NA;Documentacao/documentacao/Layout;PMEnova_2015;INPUT.txt&PMEnova.062015.txt
2015.07;fwf;ftp://ftp.ibge.gov.br/Trabalho_e_Rendimento/Pesquisa_Mensal_de_Emprego/Microdados_reponderados/PMEnova_2015.zip;source;NA;NA;Documentacao/documentacao/Layout;PMEnova_2015;INPUT.txt&PMEnova.072015.txt
2015.08;fwf;ftp://ftp.ibge.gov.br/Trabalho_e_Rendimento/Pesquisa_Mensal_de_Emprego/Microdados_reponderados/PMEnova_2015.zip;source;NA;NA;Documentacao/documentacao/Layout;PMEnova_2015;INPUT.txt&PMEnova.082015.txt
2015.09;fwf;ftp://ftp.ibge.gov.br/Trabalho_e_Rendimento/Pesquisa_Mensal_de_Emprego/Microdados_reponderados/PMEnova_2015.zip;source;NA;NA;Documentacao/documentacao/Layout;PMEnova_2015;INPUT.txt&PMEnova.092015.txt
2015.10;fwf;ftp://ftp.ibge.gov.br/Trabalho_e_Rendimento/Pesquisa_Mensal_de_Emprego/Microdados_reponderados/PMEnova_2015.zip;source;NA;NA;Documentacao/documentacao/Layout;PMEnova_2015;INPUT.txt&PMEnova.102015.txt
2015.11;fwf;ftp://ftp.ibge.gov.br/Trabalho_e_Rendimento/Pesquisa_Mensal_de_Emprego/Microdados_reponderados/PMEnova_2015.zip;source;NA;NA;Documentacao/documentacao/Layout;PMEnova_2015;INPUT.txt&PMEnova.112015.txt
2015.12;fwf;ftp://ftp.ibge.gov.br/Trabalho_e_Rendimento/Pesquisa_Mensal_de_Emprego/Microdados_reponderados/PMEnova_2015.zip;source;NA;NA;Documentacao/documentacao/Layout;PMEnova_2015;INPUT.txt&PMEnova.122015.txt
